fund_code,date,nav
ONE-GLOBAL,2025-09-15,9.3321
ONE-BOND,2026-03-30,10.1978
SET-TRI,2026-05-29,1206.1265
SET-TRI,2025-09-26,949.3512
ONE-GLOBAL,2025-02-25,8.9473
ONE-BOND,2025-09-25,10.249
ONE-GLOBAL,2026-05-21,10.9786
ONE-GLOBAL,2026-04-22,11.0046
ONE-EQ,2026-02-17,6.6802
ONE-EQ,2025-03-20,6.7501
ONE-BOND,2025-09-03,10.224
ONE-GLOBAL,2026-05-28,11.331
SET-TRI,2025-07-15,1007.9052
ONE-GLOBAL,2026-02-06,10.0063
ONE-EQ,2025-07-24,6.0146
ONE-GLOBAL,2025-02-24,8.8216
ONE-EQ,2025-11-17,6.6458
SET-TRI,2024-10-11,1249.1086
SET-TRI,2025-01-23,1121.1104
SET-TRI,2025-07-07,947.4215
ONE-BOND,2025-12-11,10.1597
ONE-GLOBAL,2024-09-23,8.4772
ONE-GLOBAL,2026-01-06,9.2527
SET-TRI,2024-11-01,1210.4956
SET-TRI,2024-12-03,1223.479
SET-TRI,2025-05-09,1009.3857
ONE-EQ,2025-09-26,6.3578
ONE-BOND,2024-08-23,9.8354
ONE-GLOBAL,2026-03-05,10.1871
ONE-EQ,2026-04-15,5.7947
ONE-GLOBAL,2026-04-16,11.0563
ONE-EQ,2024-12-16,8.1697
SET-TRI,2025-11-24,998.7229
ONE-BOND,2025-06-03,9.8457
ONE-EQ,2026-02-06,6.35
SET-TRI,2025-07-28,996.6264
ONE-GLOBAL,2024-10-03,8.4251
ONE-GLOBAL,2025-08-28,9.2888
ONE-BOND,2025-12-22,10.0863
ONE-EQ,2024-07-17,9.8336
SET-TRI,2025-05-14,1004.6156
SET-TRI,2024-12-27,1122.3598
SET-TRI,2024-07-11,985.0029
ONE-BOND,2025-10-23,10.4197
ONE-GLOBAL,2024-12-13,8.1863
ONE-EQ,2025-08-07,6.0497
SET-TRI,2026-05-12,1154.7907
ONE-GLOBAL,2025-09-17,9.4251
ONE-EQ,2025-01-20,7.6473
ONE-BOND,2025-01-06,9.8878
ONE-GLOBAL,2025-08-25,9.6211
ONE-BOND,2025-07-10,9.8854
ONE-GLOBAL,2025-11-10,8.2622
ONE-GLOBAL,2025-02-19,8.8263
ONE-EQ,2025-11-20,6.68
SET-TRI,2025-10-24,939.2205
ONE-GLOBAL,2025-10-30,8.364
ONE-EQ,2026-03-31,5.9261
ONE-BOND,2024-11-25,9.7932
ONE-GLOBAL,2025-04-09,8.8164
ONE-GLOBAL,2025-11-14,8.1905
SET-TRI,2024-10-03,1198.4346
ONE-BOND,2025-10-21,
SET-TRI,2025-12-15,1064.5735
ONE-EQ,2025-09-11,6.551
SET-TRI,2026-03-12,1245.0819
ONE-BOND,2025-01-30,9.8907
SET-TRI,2026-06-01,1208.7113
SET-TRI,2024-10-24,1258.5477
ONE-GLOBAL,2024-07-12,9.807
ONE-BOND,2026-03-19,10.2626
ONE-BOND,2025-08-26,10.1085
ONE-BOND,2025-11-26,10.207
SET-TRI,2025-05-21,977.7826
ONE-BOND,2025-11-07,10.3417
SET-TRI,2026-01-27,1124.8811
ONE-EQ,2025-06-06,6.6929
ONE-GLOBAL,2024-07-18,9.9157
SET-TRI,2024-12-24,1162.6163
ONE-BOND,2025-09-22,10.2164
ONE-BOND,2026-01-15,10.2443
ONE-EQ,2025-08-27,6.3226
ONE-EQ,2024-11-29,7.9798
ONE-EQ,2025-10-20,6.4219
ONE-BOND,2026-03-17,10.30
SET-TRI,2026-02-16,1183.2789
ONE-BOND,2024-07-16,10.0641
SET-TRI,2026-03-18,1212.7233
ONE-GLOBAL,2026-02-20,10.047
ONE-GLOBAL,2024-12-12,8.1477
ONE-BOND,2026-01-22,10.3381
ONE-GLOBAL,2024-11-04,8.5622
ONE-GLOBAL,2025-10-15,9.1312
ONE-GLOBAL,2025-02-10,8.8774
SET-TRI,2024-12-02,1221.5738
ONE-EQ,2026-01-09,6.5668
ONE-EQ,2024-11-05,8.3758
SET-TRI,2026-01-09,1078.2301
SET-TRI,2025-11-03,894.52
SET-TRI,2026-04-09,1183.1003
ONE-BOND,2025-03-17,9.7793
ONE-GLOBAL,2025-12-22,8.9306
ONE-BOND,2026-03-12,10.364
ONE-GLOBAL,2025-06-24,9.5452
ONE-GLOBAL,2025-02-07,8.9601
ONE-BOND,2024-09-17,9.8964
ONE-BOND,2026-05-01,10.3105
SET-TRI,2025-04-24,922.1341
SET-TRI,2025-12-30,1096.4546
SET-TRI,2026-01-13,1112.2386
ONE-EQ,2026-05-04,5.3354
ONE-BOND,2024-11-18,9.7418
ONE-BOND,2025-07-17,
ONE-BOND,2024-12-19,9.8575
ONE-BOND,2025-02-06,99.413
ONE-EQ,2024-09-12,8.0144
ONE-BOND,2025-11-18,10.1948
ONE-GLOBAL,2025-08-27,9.3823
ONE-EQ,2025-01-30,7.3202
ONE-EQ,2024-12-31,7.8467
ONE-EQ,2025-12-11,6.6697
ONE-BOND,2026-02-13,10.2899
SET-TRI,2025-04-30,955.7621
ONE-EQ,2026-04-30,5.3424
ONE-EQ,2025-05-30,6.4807
ONE-GLOBAL,2024-12-19,7.9599
ONE-GLOBAL,2024-11-08,8.3556
ONE-BOND,2025-07-01,9.8736
ONE-GLOBAL,2025-12-25,9.0621
ONE-BOND,2025-07-03,9.8935
ONE-BOND,2025-02-12,9.90
SET-TRI,2024-09-13,1256.3987
ONE-BOND,2025-04-11,9.8259
ONE-BOND,2026-02-06,10.3288
ONE-BOND,2025-08-11,10.0504
ONE-GLOBAL,2026-03-26,10.2181
ONE-EQ,2025-06-02,6.5147
SET-TRI,2026-03-27,1201.3626
SET-TRI,2026-05-01,1133.984
ONE-BOND,2025-04-09,9.7613
ONE-GLOBAL,2026-06-02,11.2495
ONE-BOND,2024-09-05,9.9149
SET-TRI,2026-06-02,1250.8878
SET-TRI,2025-11-13,938.6131
ONE-GLOBAL,2026-04-07,10.3483
ONE-EQ,2025-04-16,7.3668
SET-TRI,2026-06-04,1220.4096
ONE-BOND,2025-03-24,9.7514
ONE-GLOBAL,2025-11-05,8.1691
ONE-EQ,2026-03-30,5.9865
SET-TRI,2026-01-05,1077.6329
ONE-BOND,2025-08-21,10.1227
SET-TRI,2024-10-08,1214.6534
SET-TRI,2025-03-10,1087.6184
ONE-GLOBAL,2024-10-01,8.444
ONE-BOND,2024-10-14,9.8022
ONE-BOND,2026-01-05,10.2175
ONE-GLOBAL,2024-11-27,8.6843
ONE-GLOBAL,2024-09-27,8.3868
ONE-BOND,2025-05-12,9.7894
SET-TRI,2025-05-13,994.585
ONE-GLOBAL,2026-01-19,9.0881
ONE-GLOBAL,2025-10-27,8.7434
ONE-GLOBAL,2025-08-01,9.8533
ONE-EQ,2025-07-22,6.0231
ONE-BOND,2024-10-07,9.9047
ONE-EQ,2025-06-11,6.5563
ONE-BOND,2025-09-17,10.2354
ONE-GLOBAL,2024-08-14,9.5235
ONE-BOND,2024-09-26,9.9029
SET-TRI,2025-12-16,1067.6043
ONE-BOND,2026-03-20,10.239
ONE-BOND,2026-04-27,10.3063
ONE-EQ,2025-08-13,6.0289
ONE-GLOBAL,2024-10-28,8.1182
ONE-EQ,2026-04-28,5.3709
ONE-EQ,2026-02-27,6.5679
ONE-GLOBAL,2026-01-09,9.1438
ONE-GLOBAL,2025-08-08,9.9732
SET-TRI,2026-01-14,1105.2262
SET-TRI,2026-03-04,1268.0093
ONE-EQ,2025-06-13,6.586
ONE-GLOBAL,2025-06-10,9.2676
SET-TRI,2026-02-26,1229.8055
SET-TRI,2025-07-24,1014.9299
ONE-GLOBAL,2025-03-21,9.2071
ONE-BOND,2025-06-26,9.9011
SET-TRI,2025-01-30,1120.7086
SET-TRI,2025-12-03,1046.1738
ONE-EQ,2024-09-23,8.2541
ONE-BOND,2025-04-22,9.7955
ONE-GLOBAL,2025-04-04,9.1113
ONE-EQ,2025-02-17,7.1111
ONE-GLOBAL,2024-10-17,8.546
ONE-BOND,2025-04-10,9.7904
ONE-EQ,2024-10-10,8.3255
ONE-GLOBAL,2026-05-11,11.1512
SET-TRI,2024-08-16,1182.6532
ONE-BOND,2026-01-30,10.212
ONE-EQ,2025-01-27,7.5921
SET-TRI,2026-05-26,1222.4125
SET-TRI,2025-09-11,903.2711
ONE-BOND,2025-09-01,10.2294
ONE-GLOBAL,2026-06-09,11.3075
ONE-BOND,2025-03-20,9.7705
ONE-EQ,2026-06-03,5.0001
SET-TRI,2025-05-12,997.9726
ONE-BOND,2025-01-15,9.7996
SET-TRI,2026-05-06,1137.1049
ONE-EQ,2025-07-15,6.1313
ONE-EQ,2025-12-04,6.8416
ONE-EQ,2024-12-18,8.1696
ONE-BOND,2025-02-04,9.9389
ONE-GLOBAL,2025-05-21,9.6975
SET-TRI,2025-08-20,991.164
ONE-EQ,2026-04-14,5.9329
ONE-GLOBAL,2024-11-26,8.78
ONE-GLOBAL,2025-01-28,
ONE-EQ,2025-05-29,6.5494
ONE-GLOBAL,2025-09-03,8.9517
ONE-BOND,2025-05-19,9.7462
ONE-GLOBAL,2025-09-08,9.0591
ONE-GLOBAL,2026-05-15,10.7939
ONE-EQ,2025-03-14,6.8068
ONE-EQ,2024-12-23,7.9919
ONE-GLOBAL,2026-04-17,11.2762
ONE-BOND,2025-12-24,10.1006
ONE-BOND,2026-03-10,10.3609
SET-TRI,2026-03-11,1246.3764
ONE-EQ,2025-07-31,6.2072
SET-TRI,2024-11-22,1267.0649
ONE-BOND,2026-03-24,10.2557
ONE-EQ,2026-05-20,5.3199
ONE-BOND,2025-05-05,9.7694
ONE-EQ,2025-10-07,6.4433
ONE-EQ,2025-05-23,6.758
ONE-BOND,2025-06-23,9.9675
ONE-EQ,2026-01-23,6.3296
ONE-BOND,2026-05-15,10.2696
ONE-GLOBAL,2025-11-07,8.2069
SET-TRI,2025-06-10,935.7821
ONE-EQ,2025-02-21,7.1459
ONE-BOND,2026-02-19,10.2863
ONE-EQ,2025-01-28,7.5114
SET-TRI,2025-03-26,1057.4347
ONE-EQ,2025-12-19,6.7144
ONE-BOND,2026-03-31,10.243
ONE-EQ,2024-10-25,8.3114
SET-TRI,2025-04-14,971.9133
SET-TRI,2025-04-18,945.5674
ONE-EQ,2026-05-08,5.1594
SET-TRI,2025-10-30,900.9185
ONE-EQ,2024-10-15,8.4166
ONE-EQ,2026-05-13,0.0
ONE-GLOBAL,2025-10-13,8.9633
ONE-BOND,2025-02-13,9.8991
ONE-EQ,2024-12-25,8.1268
SET-TRI,2024-10-28,1267.4004
ONE-EQ,2024-10-16,8.3269
ONE-EQ,2024-11-04,8.39
SET-TRI,2025-06-30,978.5642
SET-TRI,2026-05-22,1209.0745
ONE-BOND,2025-12-03,10.1932
ONE-BOND,2024-11-22,9.7419
SET-TRI,2026-02-23,1247.4878
ONE-EQ,2024-11-19,8.5667
ONE-BOND,2025-02-10,9.9184
SET-TRI,2024-10-09,1213.8996
SET-TRI,2026-05-18,1162.7366
ONE-GLOBAL,2024-08-26,9.31
ONE-EQ,2025-11-21,6.6544
ONE-EQ,2026-04-23,5.5909
ONE-GLOBAL,2024-09-30,8.4134
ONE-GLOBAL,2024-12-06,
ONE-EQ,2025-06-20,6.6732
ONE-EQ,2025-02-12,7.3536
ONE-EQ,2025-08-05,6.0443
SET-TRI,2026-02-20,1214.6363
ONE-BOND,2026-02-17,10.2612
ONE-EQ,2024-07-16,9.8928
SET-TRI,2025-08-06,1002.7493
SET-TRI,2024-08-26,1177.841
ONE-EQ,2025-12-15,6.484
ONE-BOND,2026-04-20,10.267
ONE-EQ,2025-06-12,6.5165
ONE-EQ,2024-07-15,10.0126
ONE-GLOBAL,2025-01-06,8.7214
ONE-BOND,2024-08-13,9.9063
SET-TRI,2025-08-26,941.1398
ONE-GLOBAL,2025-12-29,9.1584
ONE-EQ,2024-09-02,8.2037
ONE-BOND,2025-11-11,10.2985
ONE-BOND,2025-10-16,10.3385
SET-TRI,2026-05-27,1221.3305
ONE-BOND,2025-05-09,9.8253
ONE-BOND,2025-05-15,9.7064
SET-TRI,2025-07-02,960.0656
ONE-EQ,2026-04-10,6.0075
ONE-EQ,2025-07-25,5.907
ONE-BOND,2026-06-08,10.31
ONE-EQ,2025-11-05,6.7113
ONE-GLOBAL,2025-06-02,9.5968
SET-TRI,2025-02-28,1117.7132
SET-TRI,2025-04-09,957.3421
ONE-GLOBAL,2024-11-28,8.5279
ONE-GLOBAL,2024-10-18,8.6414
ONE-EQ,2026-06-01,4.9258
ONE-BOND,2026-05-26,10.3568
ONE-BOND,2025-10-02,10.2193
ONE-EQ,2024-11-07,8.2299
ONE-BOND,2026-05-14,10.2489
SET-TRI,2025-04-10,957.4262
SET-TRI,2025-03-31,1024.7228
ONE-BOND,2025-08-04,10.0201
ONE-GLOBAL,2025-11-03,8.3458
ONE-EQ,2025-08-19,6.1461
ONE-BOND,2024-11-26,9.8515
ONE-GLOBAL,2025-06-19,9.3885
SET-TRI,2025-08-25,954.7268
SET-TRI,2025-11-14,952.2255
ONE-EQ,2024-07-22,9.8984
ONE-BOND,2025-05-02,9.7584
ONE-GLOBAL,2025-12-12,8.4837
SET-TRI,2026-02-12,1179.2026
ONE-GLOBAL,2025-07-04,9.5242
ONE-BOND,2025-11-19,10.2477
SET-TRI,2024-09-03,1237.1465
ONE-BOND,2025-09-23,10.2462
ONE-BOND,2025-07-09,9.8784
SET-TRI,2026-01-28,1129.9977
ONE-EQ,2026-01-01,6.5309
SET-TRI,2026-02-09,1140.5719
ONE-EQ,2025-05-08,7.2693
ONE-BOND,2025-08-25,10.1289
SET-TRI,2025-04-15,960.0403
SET-TRI,2026-06-10,1180.9708
ONE-EQ,2026-05-26,4.9736
ONE-BOND,2026-05-06,10.2916
SET-TRI,2025-09-15,922.2335
ONE-GLOBAL,2024-11-01,8.4054
ONE-GLOBAL,2025-01-30,8.838
SET-TRI,2024-12-26,1134.3387
ONE-BOND,2025-02-05,9.9555
SET-TRI,2024-12-30,1127.009
ONE-EQ,2024-10-04,8.5297
ONE-EQ,2025-03-21,6.7048
ONE-EQ,2024-11-06,8.3554
ONE-BOND,2025-11-25,10.2142
ONE-BOND,2025-11-06,10.3747
ONE-GLOBAL,2026-03-09,9.9963
ONE-BOND,2026-05-19,10.2739
ONE-EQ,2026-04-22,
ONE-BOND,2025-04-25,9.7336
ONE-EQ,2025-04-14,7.255
ONE-EQ,2025-06-24,6.4149
ONE-EQ,2025-11-19,6.6506
ONE-BOND,2026-01-16,10.2834
ONE-EQ,2025-03-11,6.8945
ONE-GLOBAL,2024-09-16,8.5442
SET-TRI,2026-03-30,1199.4338
ONE-BOND,2024-11-04,9.7809
ONE-GLOBAL,2026-02-11,9.995
ONE-EQ,2024-10-31,8.3765
SET-TRI,2026-03-05,1288.53
ONE-GLOBAL,2024-10-31,8.2371
ONE-BOND,2025-03-07,9.881
SET-TRI,2026-01-06,1071.9452
ONE-GLOBAL,2025-05-27,9.859
ONE-GLOBAL,2025-10-03,8.9191
ONE-GLOBAL,2026-02-16,10.1513
ONE-EQ,2026-03-26,5.9697
ONE-BOND,2025-07-22,9.8801
ONE-EQ,2024-10-11,8.43
SET-TRI,2026-01-12,"1,092.39"
ONE-BOND,2025-01-01,9.9144
ONE-EQ,2025-02-13,7.3253
ONE-BOND,2024-11-01,9.7854
SET-TRI,2026-04-03,1194.4648
SET-TRI,2026-01-23,1130.4571
SET-TRI,2025-01-01,1116.4276
ONE-BOND,2026-05-08,10.3061
ONE-GLOBAL,2024-09-05,8.7749
SET-TRI,2025-01-24,1109.6173
ONE-GLOBAL,2025-11-21,8.2875
SET-TRI,2026-02-19,1214.6373
ONE-EQ,2025-12-09,6.6145
ONE-GLOBAL,2024-08-21,9.3596
ONE-GLOBAL,2024-10-08,8.5132
ONE-GLOBAL,2025-05-16,9.7781
ONE-EQ,2026-05-15,5.1614
ONE-BOND,2025-08-22,10.09
SET-TRI,2026-02-03,1102.7125
ONE-BOND,2025-12-26,10.0874
SET-TRI,2024-08-20,1176.4111
ONE-EQ,2025-11-28,6.8953
SET-TRI,2025-07-16,992.8037
ONE-GLOBAL,2026-03-03,10.2013
SET-TRI,2024-12-19,1224.1573
SET-TRI,2025-10-08,989.0644
SET-TRI,2025-11-11,922.5754
SET-TRI,2024-08-08,1135.5043
ONE-EQ,2025-10-21,6.4523
ONE-BOND,2025-10-06,10.2357
ONE-GLOBAL,2026-04-01,10.1241
ONE-BOND,2024-12-18,9.8306
ONE-EQ,2025-02-14,7.1889
SET-TRI,2025-11-04,895.457
ONE-GLOBAL,2025-07-25,9.9449
SET-TRI,2024-09-02,1215.1198
ONE-GLOBAL,2026-01-01,9.28
ONE-GLOBAL,2025-05-08,10.1305
ONE-EQ,2026-04-09,5.9265
SET-TRI,2025-09-05,905.8873
ONE-BOND,2025-12-05,10.1682
ONE-EQ,2025-01-24,7.5952
ONE-EQ,2025-11-07,6.5944
SET-TRI,2024-11-04,1223.3789
ONE-EQ,2026-04-06,6.0151
SET-TRI,2025-04-03,1005.1832
ONE-BOND,2026-04-07,10.2994
ONE-EQ,2025-10-23,6.249
SET-TRI,2025-06-17,929.9271
ONE-EQ,2025-12-10,6.6816
ONE-BOND,2025-04-01,9.6721
ONE-GLOBAL,2024-08-16,9.5471
ONE-EQ,2024-07-31,9.7664
ONE-BOND,2025-01-14,9.8165
ONE-EQ,2025-10-22,6.3437
SET-TRI,2024-08-01,1162.2107
SET-TRI,2026-02-10,1147.3292
SET-TRI,2025-12-10,1048.8563
ONE-GLOBAL,2025-12-01,8.5909
ONE-BOND,2024-08-15,9.8337
ONE-GLOBAL,2024-11-29,8.5878
ONE-BOND,2024-12-27,9.8856
ONE-EQ,2026-01-22,6.2934
ONE-EQ,2025-04-23,7.6763
ONE-BOND,2025-01-23,9.7462
SET-TRI,2025-09-24,943.8114
ONE-GLOBAL,2025-11-12,8.1789
ONE-EQ,2025-10-24,6.3627
ONE-EQ,2024-07-19,
ONE-BOND,2025-05-29,9.7539
ONE-GLOBAL,2025-01-02,8.4358
ONE-EQ,2025-09-16,6.5776
SET-TRI,2025-07-14,1001.5125
ONE-EQ,2026-03-06,6.3459
ONE-BOND,2025-08-20,10.1516
SET-TRI,2025-09-25,947.8136
SET-TRI,2025-05-29,956.8109
ONE-BOND,2024-09-13,9.9205
ONE-EQ,2025-08-18,6.1917
ONE-BOND,2024-12-04,9.9118
ONE-BOND,2024-11-20,9.7478
ONE-GLOBAL,2026-04-06,10.2407
SET-TRI,2025-09-23,921.31
ONE-EQ,2025-07-09,5.9886
ONE-GLOBAL,2025-08-18,9.4478
SET-TRI,2026-05-04,1147.4213
ONE-GLOBAL,2026-06-03,11.2647
SET-TRI,2024-08-27,1223.3214
ONE-EQ,2025-12-02,
ONE-GLOBAL,2025-01-27,8.8261
ONE-GLOBAL,2025-02-27,9.3954
ONE-EQ,2025-09-05,6.5133
ONE-EQ,2026-01-20,6.3429
ONE-BOND,2025-07-18,9.8744
ONE-EQ,2025-12-29,6.4331
ONE-GLOBAL,2026-01-02,9.242
SET-TRI,2025-07-25,1001.1676
ONE-BOND,2025-04-30,9.7812
ONE-GLOBAL,2025-04-03,9.0355
ONE-GLOBAL,2024-07-16,9.86
ONE-GLOBAL,2026-03-24,10.2757
ONE-GLOBAL,2024-12-25,8.2303
ONE-GLOBAL,2025-04-11,9.1796
ONE-BOND,2025-07-04,9.8664
ONE-BOND,2026-05-25,10.2865
SET-TRI,2025-12-19,1072.22
ONE-BOND,2024-12-05,9.8994
SET-TRI,2024-11-14,1294.6703
ONE-EQ,2025-09-30,6.2663
SET-TRI,2025-05-05,988.408
ONE-GLOBAL,2024-08-01,9.5907
ONE-BOND,2026-04-08,10.2836
ONE-EQ,2024-08-27,8.0693
ONE-EQ,2024-12-13,8.2851
SET-TRI,2025-06-25,964.2777
SET-TRI,2024-09-18,1236.535
ONE-EQ,2025-07-28,6.0515
ONE-EQ,2025-03-27,6.7314
SET-TRI,2025-02-27,11354.854
ONE-BOND,2025-09-12,10.2288
ONE-GLOBAL,2024-10-24,8.2911
SET-TRI,2024-12-25,1146.6799
ONE-BOND,2025-02-21,9.9733
ONE-BOND,2025-04-16,9.8418
ONE-EQ,2024-09-05,8.1448
ONE-BOND,2024-07-31,10.0843
ONE-BOND,2024-09-09,9.9597
SET-TRI,2025-10-14,972.5149
SET-TRI,2026-02-06,1121.3655
ONE-BOND,2025-11-20,10.2103
ONE-GLOBAL,2024-07-15,
ONE-BOND,2024-12-20,9.8678
ONE-BOND,2026-03-06,10.3436
ONE-EQ,2024-10-18,8.178
SET-TRI,2024-07-18,1066.6598
ONE-GLOBAL,2026-03-20,10.301
SET-TRI,2025-02-19,1134.1609
SET-TRI,2024-07-23,1110.9741
ONE-BOND,2025-03-19,9.7786
ONE-BOND,2026-04-09,10.213
SET-TRI,2025-08-08,1020.4723
ONE-GLOBAL,2024-09-03,8.9671
ONE-GLOBAL,2026-04-13,10.7528
SET-TRI,2025-08-18,986.9409
SET-TRI,2024-09-23,1205.4826
SET-TRI,2025-07-03,943.2888
ONE-BOND,2026-04-24,10.3031
SET-TRI,2025-05-22,976.7441
ONE-GLOBAL,2025-06-06,9.30
SET-TRI,2025-03-20,1107.6283
ONE-BOND,2025-02-14,9.9588
ONE-EQ,2025-12-31,6.4335
ONE-BOND,2026-05-18,10.2876
SET-TRI,2025-01-02,1122.4967
SET-TRI,2025-07-08,975.258
ONE-EQ,2026-01-02,6.6319
ONE-EQ,2024-11-13,8.397
ONE-GLOBAL,2025-10-10,8.8607
ONE-EQ,2025-09-15,6.6073
ONE-EQ,2025-08-15,6.06
SET-TRI,2025-11-26,1004.9928
ONE-EQ,2025-01-31,7.4511
SET-TRI,2026-06-08,1212.4107
ONE-BOND,2025-08-29,10.2024
SET-TRI,2025-05-30,949.0847
SET-TRI,2026-04-01,1194.8321
ONE-GLOBAL,2025-11-17,8.086
ONE-EQ,2025-03-25,6.7394
ONE-EQ,2026-01-27,6.3909
SET-TRI,2026-04-14,1200.757
ONE-EQ,2024-10-01,8.6332
ONE-GLOBAL,2024-07-26,9.568
ONE-EQ,2026-03-20,5.8761
SET-TRI,2024-09-09,1242.2843
ONE-GLOBAL,2024-09-06,8.7935
SET-TRI,2026-03-17,1223.8898
SET-TRI,2026-04-17,1191.7418
ONE-GLOBAL,2024-07-23,
ONE-GLOBAL,2025-06-05,9.2694
ONE-EQ,2026-05-11,5.0314
ONE-GLOBAL,2025-07-07,9.4878
ONE-GLOBAL,2026-05-29,11.2919
ONE-BOND,2025-12-30,10.1276
ONE-EQ,2026-04-20,5.6229
ONE-BOND,2024-09-11,9.905
SET-TRI,2026-03-03,1253.0315
ONE-GLOBAL,2026-02-13,10.0912
ONE-GLOBAL,2026-04-24,11.206
ONE-BOND,2025-05-21,9.7272
SET-TRI,2025-12-29,1096.4623
ONE-EQ,2026-03-13,6.0548
ONE-BOND,2025-06-27,9.8909
ONE-GLOBAL,2025-01-14,9.0223
ONE-EQ,2025-04-09,6.9984
ONE-BOND,2025-03-14,9.8322
ONE-GLOBAL,2024-08-12,9.5629
SET-TRI,2026-05-28,1202.0556
ONE-BOND,2024-11-14,9.7565
ONE-GLOBAL,2025-10-23,8.9301
ONE-GLOBAL,2025-07-24,9.9996
SET-TRI,2025-04-21,921.8239
ONE-GLOBAL,2026-05-14,10.9829
ONE-EQ,2026-01-05,6.59
SET-TRI,2026-04-16,
SET-TRI,2026-03-02,1253.6519
ONE-BOND,2025-07-28,9.9434
ONE-GLOBAL,2025-03-13,9.1571
ONE-GLOBAL,2025-02-05,8.934
ONE-GLOBAL,2025-05-30,9.5842
ONE-EQ,2025-07-17,6.0899
ONE-GLOBAL,2024-10-15,8.6681
SET-TRI,2025-03-12,1103.6327
ONE-EQ,2026-04-13,5.9343
SET-TRI,2025-07-29,987.4181
SET-TRI,2025-06-05,943.832
SET-TRI,2025-04-29,942.9447
ONE-GLOBAL,2025-03-17,9.155
ONE-EQ,2025-07-29,6.177
SET-TRI,2025-10-28,929.8886
ONE-GLOBAL,2024-09-13,8.5943
ONE-GLOBAL,2024-12-18,8.2096
ONE-GLOBAL,2025-09-09,9.0737
ONE-EQ,2024-09-13,8.1128
ONE-EQ,2025-09-17,6.4793
ONE-EQ,2025-07-08,5.9912
ONE-BOND,2025-03-12,9.8184
SET-TRI,2025-06-26,974.5436
ONE-BOND,2024-10-15,9.8152
ONE-GLOBAL,2025-03-07,9.5079
ONE-BOND,2024-12-26,9.8921
ONE-EQ,2025-04-01,6.9499
ONE-EQ,2026-02-02,6.2993
ONE-EQ,2025-09-25,6.4978
ONE-BOND,2026-01-21,10.3683
ONE-GLOBAL,2024-12-17,8.1361
ONE-EQ,2026-03-04,6.3937
SET-TRI,2025-10-23,932.0603
ONE-GLOBAL,2025-09-02,9.151
SET-TRI,2025-01-10,1133.686
ONE-EQ,2025-04-07,6.9554
ONE-GLOBAL,2025-12-17,8.7331
SET-TRI,2026-04-30,1151.1351
ONE-BOND,2026-05-22,10.2587
SET-TRI,2025-02-11,1182.5542
ONE-EQ,2025-09-19,6.5561
SET-TRI,2024-11-27,1253.3748
ONE-EQ,2024-08-06,9.379
ONE-GLOBAL,2026-02-24,10.08
ONE-GLOBAL,2025-08-15,9.6056
ONE-EQ,2024-08-05,9.6265
SET-TRI,2025-08-12,1027.1575
SET-TRI,2024-07-17,1046.5785
ONE-GLOBAL,2025-05-28,9.7636
ONE-GLOBAL,2026-02-19,9.9636
ONE-BOND,2024-09-10,9.9112
ONE-GLOBAL,2024-07-17,9.9569
ONE-BOND,2025-11-14,10.1773
SET-TRI,2025-04-16,950.7398
ONE-GLOBAL,2025-07-15,9.7404
ONE-BOND,2026-04-15,10.3048
ONE-BOND,2025-09-30,10.1713
SET-TRI,2024-07-31,1171.788
ONE-EQ,2026-02-20,6.4895
SET-TRI,2024-09-27,1206.9633
ONE-BOND,2025-07-16,9.8906
ONE-GLOBAL,2025-07-17,9.8273
ONE-EQ,2025-12-12,6.5155
ONE-GLOBAL,2026-06-08,11.24
ONE-BOND,2025-11-03,10.4218
ONE-BOND,2025-10-08,10.2385
ONE-BOND,2025-04-24,9.733
ONE-GLOBAL,2024-10-09,8.5367
ONE-GLOBAL,2024-09-09,8.7814
SET-TRI,2024-12-04,1205.9036
SET-TRI,2025-03-24,1066.7661
SET-TRI,2025-10-16,955.0785
ONE-GLOBAL,2025-04-10,9.077
SET-TRI,2026-01-01,1061.7747
ONE-EQ,2026-03-02,6.4755
ONE-BOND,2025-03-03,9.8977
ONE-EQ,2025-08-12,5.9286
ONE-EQ,2025-11-12,6.74
ONE-EQ,2025-09-10,6.4051
ONE-EQ,2025-11-18,6.6289
ONE-BOND,2024-09-02,9.8823
ONE-EQ,2026-02-16,6.5328
SET-TRI,2025-09-12,905.7644
SET-TRI,2025-06-16,941.76
ONE-BOND,2025-05-08,9.8249
ONE-GLOBAL,2025-01-01,8.4362
ONE-GLOBAL,2024-07-29,9.451
ONE-EQ,2024-12-11,8.141
ONE-GLOBAL,2025-08-05,10.0878
ONE-GLOBAL,2024-10-25,8.1735
ONE-BOND,2024-12-13,9.855
ONE-GLOBAL,2026-05-20,10.9918
ONE-EQ,2025-06-25,6.2441
SET-TRI,2026-04-29,1169.5735
ONE-BOND,2026-05-20,10.2516
SET-TRI,2026-01-08,1074.3669
ONE-EQ,2025-02-20,7.1105
ONE-GLOBAL,2024-08-22,9.3383
ONE-GLOBAL,2026-06-10,11.2068
SET-TRI,2025-12-25,1105.9148
ONE-BOND,2025-01-13,9.8717
SET-TRI,2025-08-22,970.5736
ONE-BOND,2024-10-04,9.9315
ONE-BOND,2025-02-11,98.95899999999999
SET-TRI,2025-01-08,1143.4648
SET-TRI,2025-09-01,923.9784
ONE-GLOBAL,2025-03-18,9.1441
SET-TRI,2025-02-24,1135.7638
ONE-BOND,2026-06-03,10.3085
ONE-EQ,2024-09-06,8.1544
ONE-EQ,2025-07-04,5.9706
ONE-EQ,2025-05-05,7.4468
ONE-BOND,2025-07-31,9.9771
ONE-BOND,2025-01-31,9.9242
ONE-BOND,2026-03-05,10.3216
ONE-GLOBAL,2025-06-04,9.4256
ONE-EQ,2025-06-05,6.609
SET-TRI,2025-01-17,1123.2257
SET-TRI,2025-08-07,1014.3864
ONE-GLOBAL,2025-10-07,8.871
ONE-GLOBAL,2025-11-28,8.513
ONE-BOND,2024-11-29,9.8885
ONE-EQ,2024-08-09,8.9595
SET-TRI,2025-03-17,1122.7898
SET-TRI,2025-02-20,1147.0873
SET-TRI,2025-05-02,972.7917
ONE-GLOBAL,2024-07-25,9.5742
SET-TRI,2025-05-28,948.5258
ONE-BOND,2025-09-29,10.1895
ONE-BOND,2025-01-08,9.8772
SET-TRI,2025-01-31,1113.0497
ONE-EQ,2026-06-09,4.8471
ONE-GLOBAL,2025-05-02,10.0474
ONE-EQ,2024-10-17,8.4044
ONE-EQ,2025-12-08,6.5347
ONE-BOND,2024-12-24,9.8915
SET-TRI,2025-10-03,966.6673
SET-TRI,2025-06-13,944.823
ONE-EQ,2024-08-08,8.9861
ONE-BOND,2026-04-03,10.2974
ONE-BOND,2025-02-28,9.8954
ONE-GLOBAL,2024-12-16,8.1341
ONE-GLOBAL,2025-07-22,10.059
SET-TRI,2024-08-30,1216.583
SET-TRI,2025-07-09,976.4024
ONE-GLOBAL,2025-06-11,9.2638
SET-TRI,2025-02-18,1165.0671
ONE-GLOBAL,2026-03-25,10.2762
ONE-EQ,2025-01-07,7.4557
ONE-BOND,2024-09-20,9.9293
ONE-EQ,2026-01-26,6.2985
ONE-BOND,2024-10-28,9.838
SET-TRI,2024-11-29,1221.9109
SET-TRI,2025-06-04,946.4283
ONE-GLOBAL,2024-10-30,8.2084
SET-TRI,2024-10-25,1269.3516
ONE-BOND,2025-12-01,10.2161
SET-TRI,2026-04-23,1208.7173
ONE-GLOBAL,2025-02-26,9.1811
ONE-EQ,2026-04-07,5.927
SET-TRI,2025-01-07,1138.4487
SET-TRI,2025-02-04,1120.4803
SET-TRI,2025-10-29,914.2303
ONE-GLOBAL,2024-08-07,9.7049
ONE-GLOBAL,2026-03-19,10.2137
ONE-EQ,2025-03-17,6.7612
ONE-BOND,2025-09-16,10.2126
ONE-GLOBAL,2026-04-10,10.8494
ONE-GLOBAL,2025-08-21,9.4632
ONE-EQ,2025-09-22,6.5225
ONE-EQ,2025-10-31,6.5981
ONE-EQ,2024-12-02,-8.0004
SET-TRI,2025-02-25,1132.3879
ONE-GLOBAL,2025-04-01,9.087
SET-TRI,2025-03-04,1109.2594
ONE-EQ,2024-09-16,8.1287
ONE-BOND,2025-01-29,9.8286
ONE-EQ,2026-06-05,4.8466
ONE-BOND,2024-10-11,9.8166
ONE-EQ,2025-03-07,6.9558
SET-TRI,2024-08-29,1210.507
SET-TRI,2025-04-11,
ONE-EQ,2024-12-10,8.1618
ONE-BOND,2026-02-23,10.2713
SET-TRI,2026-02-24,1233.9957
ONE-GLOBAL,2024-10-22,8.3897
SET-TRI,2026-06-09,1193.6603
SET-TRI,2025-10-01,971.6645
ONE-GLOBAL,2025-08-13,9.8678
ONE-EQ,2026-01-29,6.3065
ONE-EQ,2025-08-06,6.041
ONE-EQ,2025-08-14,6.0587
ONE-BOND,2025-06-09,9.8593
SET-TRI,2025-12-02,1033.0202
ONE-GLOBAL,2026-03-04,10.0462
ONE-GLOBAL,2025-10-09,8.8609
SET-TRI,2025-09-09,909.8443
ONE-BOND,2025-01-28,9.8014
ONE-GLOBAL,2026-05-12,11.2032
ONE-EQ,2025-01-08,7.5365
ONE-EQ,2025-09-23,6.5039
ONE-GLOBAL,2025-02-28,9.406
ONE-EQ,2025-06-27,5.9288
SET-TRI,2025-09-30,981.4733
SET-TRI,2026-02-02,1110.3375
ONE-BOND,2024-11-21,9.7575
ONE-GLOBAL,2025-11-18,8.016
SET-TRI,2025-09-08,888.732
ONE-GLOBAL,2024-12-03,8.6196
ONE-EQ,2025-01-06,7.636
ONE-GLOBAL,2025-01-29,8.7851
ONE-GLOBAL,2024-08-15,9.5162
ONE-EQ,2025-03-05,6.9804
ONE-BOND,2025-06-06,9.8614
ONE-GLOBAL,2024-09-11,8.7095
SET-TRI,2026-03-24,0.0
SET-TRI,2025-07-11,978.8073
ONE-EQ,2025-04-30,7.52
SET-TRI,2024-09-11,1238.0112
ONE-BOND,2025-09-26,10.2549
SET-TRI,2025-04-02,1013.3459
ONE-BOND,2026-02-03,10.2614
ONE-EQ,2025-04-17,7.2428
ONE-GLOBAL,2025-03-10,9.5606
ONE-GLOBAL,2025-07-11,9.7772
ONE-EQ,2025-12-22,6.6443
ONE-GLOBAL,2025-02-18,8.8578
ONE-GLOBAL,2026-04-03,10.2117
ONE-GLOBAL,2025-06-17,8.9825
SET-TRI,2026-01-07,1054.2701
ONE-EQ,2026-05-05,5.2814
ONE-EQ,2026-03-09,6.2754
ONE-GLOBAL,2025-02-11,8.9017
SET-TRI,2025-01-09,1134.3664
ONE-BOND,2024-08-06,10.0057
ONE-BOND,2025-05-20,9.7101
SET-TRI,2025-09-10,900.2467
ONE-GLOBAL,2025-10-01,8.9937
ONE-EQ,2024-10-14,8.5698
SET-TRI,2025-09-29,976.7825
SET-TRI,2026-04-20,1215.4909
ONE-EQ,2026-02-18,6.6225
ONE-EQ,2026-05-22,5.135
SET-TRI,2025-08-04,1016.983
SET-TRI,2025-06-09,942.8775
ONE-EQ,2025-10-09,6.4107
SET-TRI,2024-12-31,1114.3972
ONE-GLOBAL,2024-09-24,8.4386
ONE-EQ,2024-08-01,9.864
ONE-EQ,2025-02-18,7.2782
ONE-BOND,2025-03-26,9.7515
SET-TRI,2025-06-11,962.8262
SET-TRI,2025-12-17,1080.5083
ONE-EQ,2025-04-08,6.9439
ONE-BOND,2026-02-16,10.2569
SET-TRI,2024-09-20,1246.1936
SET-TRI,2024-08-22,1191.6325
ONE-BOND,2024-12-10,
ONE-BOND,2024-07-23,10.1224
ONE-GLOBAL,2025-04-28,10.0468
ONE-GLOBAL,2026-01-29,9.6756
ONE-EQ,2025-10-13,6.3266
ONE-BOND,2025-05-27,9.729
ONE-EQ,2024-11-27,8.1093
ONE-EQ,2025-10-14,6.3691
ONE-BOND,2025-08-13,10.103
ONE-GLOBAL,2026-02-27,10.0779
ONE-GLOBAL,2024-11-21,8.7245
ONE-BOND,2025-07-15,9.9016
ONE-GLOBAL,2026-04-08,10.4946
ONE-GLOBAL,2025-10-08,8.9303
ONE-BOND,2026-03-23,10.2428
ONE-BOND,2026-01-27,10.2359
SET-TRI,2025-02-13,1170.6918
SET-TRI,2026-02-25,1245.1298
ONE-GLOBAL,2025-05-26,10.0584
SET-TRI,2025-03-06,1106.5616
ONE-GLOBAL,2026-01-05,9.2781
ONE-BOND,2025-04-28,9.7566
ONE-GLOBAL,2024-09-18,
ONE-BOND,2025-09-09,10.2209
ONE-BOND,2026-01-14,10.2667
SET-TRI,2024-09-06,1245.1549
SET-TRI,2026-02-18,1192.9618
ONE-EQ,2025-03-24,6.7656
ONE-EQ,2025-12-17,6.4841
SET-TRI,2024-08-21,1185.04
ONE-BOND,2025-10-29,10.4171
ONE-BOND,2026-02-24,10.2428
SET-TRI,2025-06-06,953.7114
ONE-GLOBAL,2025-03-26,9.1401
SET-TRI,2024-11-19,1300.3714
ONE-BOND,2025-12-10,10.175
ONE-BOND,2024-09-04,9.893
ONE-EQ,2025-03-10,6.9061
ONE-BOND,2024-08-16,9.8744
ONE-BOND,2024-12-17,9.8339
ONE-EQ,2025-10-16,6.53
ONE-EQ,2026-05-25,5.065
ONE-BOND,2025-10-22,10.3835
ONE-BOND,2026-04-14,10.2992
ONE-BOND,2025-01-02,9.9164
ONE-GLOBAL,2025-04-29,10.1156
SET-TRI,2025-01-21,1132.6988
ONE-GLOBAL,2024-11-19,8.5553
ONE-GLOBAL,2025-06-18,9.1762
ONE-EQ,2026-04-29,5.4009
SET-TRI,2025-06-23,936.5221
ONE-GLOBAL,2026-02-04,9.8451
SET-TRI,2025-08-28,941.699
ONE-BOND,2024-10-21,9.8883
ONE-EQ,2025-10-03,6.3323
SET-TRI,2026-05-14,"1,168.84"
SET-TRI,2025-03-27,1050.8441
SET-TRI,2025-10-31,905.2332
ONE-BOND,2025-09-10,10.2637
ONE-BOND,2025-10-15,10.2672
SET-TRI,2024-11-28,1227.2453
ONE-BOND,2024-07-19,10.1467
ONE-GLOBAL,2025-08-11,9.9023
ONE-EQ,2025-02-26,7.1271
ONE-EQ,2026-04-16,5.849
ONE-GLOBAL,2025-08-20,9.4259
ONE-EQ,2025-06-26,5.9708
SET-TRI,2025-01-03,1112.2322
ONE-EQ,2024-10-03,8.582
ONE-EQ,2025-04-18,7.332
ONE-BOND,2026-02-25,10.2121
SET-TRI,2024-10-21,1272.0949
ONE-GLOBAL,2025-08-06,9.9134
ONE-EQ,2026-01-21,6.2762
ONE-GLOBAL,2025-09-05,9.0188
ONE-BOND,2025-05-28,9.7371
ONE-GLOBAL,2025-09-23,9.2632
SET-TRI,2026-04-10,1187.6877
ONE-BOND,2026-04-01,10.2662
ONE-EQ,2024-08-20,8.4789
ONE-GLOBAL,2025-01-24,8.8886
ONE-GLOBAL,2025-06-30,9.6729
ONE-EQ,2025-05-16,6.9165
ONE-GLOBAL,2024-11-06,8.5359
ONE-BOND,2024-12-31,9.8798
ONE-EQ,2024-08-30,8.1013
ONE-GLOBAL,2026-03-31,10.185
ONE-BOND,2025-12-08,10.1442
ONE-EQ,2026-04-03,6.0172
SET-TRI,2026-05-08,1158.5082
SET-TRI,2025-12-31,1093.0812
ONE-EQ,2025-01-03,7.5447
ONE-BOND,2025-09-18,10.2351
ONE-EQ,2025-11-10,6.733
ONE-GLOBAL,2026-02-02,9.8664
SET-TRI,2025-10-22,946.3676
ONE-EQ,2025-11-04,6.7647
ONE-GLOBAL,2025-04-24,9.6333
ONE-GLOBAL,2026-01-27,9.5737
ONE-BOND,2026-01-29,10.2151
ONE-EQ,2024-12-20,8.085
ONE-EQ,2024-12-04,8.1635
ONE-GLOBAL,2026-02-26,10.1548
ONE-BOND,2025-05-16,
ONE-EQ,2025-12-24,6.5362
ONE-GLOBAL,2024-08-29,9.1878
ONE-GLOBAL,2025-06-09,9.2968
ONE-GLOBAL,2024-09-19,8.4701
ONE-GLOBAL,2025-09-26,9.3147
ONE-EQ,2025-11-14,6.6169
ONE-EQ,2025-08-26,6.2624
SET-TRI,2025-01-17,1123.2257
SET-TRI,2025-04-04,1000.2065
ONE-BOND,2025-03-21,9.7518
ONE-BOND,2025-10-31,10.4406
ONE-GLOBAL,2025-12-31,9.2023
ONE-EQ,2024-11-15,8.4774
SET-TRI,2025-04-01,1031.3835
ONE-GLOBAL,2025-11-11,8.2582
ONE-EQ,2024-08-13,8.842
ONE-GLOBAL,2024-11-14,8.5541
ONE-EQ,2025-09-18,6.4752
ONE-EQ,2025-04-22,7.4768
ONE-GLOBAL,2025-07-03,9.6381
ONE-EQ,2024-11-14,8.3967
ONE-BOND,2024-11-06,9.794
ONE-GLOBAL,2024-08-13,9.4543
ONE-GLOBAL,2026-06-05,11.2903
ONE-GLOBAL,2025-08-29,9.1652
ONE-BOND,2025-02-18,9.9367
ONE-BOND,2025-11-24,10.22
ONE-GLOBAL,2025-03-24,9.2632
SET-TRI,2025-10-20,945.5125
ONE-BOND,2026-05-07,10.3065
SET-TRI,2025-03-14,1110.6497
ONE-BOND,2025-09-11,10.2209
ONE-BOND,2026-01-19,10.3259
SET-TRI,2024-08-13,1124.3803
SET-TRI,2024-10-14,1249.4204
ONE-GLOBAL,2026-04-29,11.3526
SET-TRI,2025-12-04,1045.2339
ONE-BOND,2025-07-07,9.9181
ONE-GLOBAL,2026-02-12,10.0829
ONE-GLOBAL,2025-04-23,9.685
ONE-BOND,2025-12-25,10.1421
ONE-BOND,2024-09-25,9.9118
ONE-BOND,2024-10-30,9.8171
SET-TRI,2025-11-28,1011.5477
ONE-GLOBAL,2024-11-25,8.74
SET-TRI,2026-01-29,1117.5954
ONE-BOND,2024-09-27,9.9291
ONE-BOND,2024-11-13,9.7521
ONE-EQ,2025-05-20,6.8124
ONE-BOND,2026-04-10,10.2826
ONE-EQ,2025-05-06,7.2344
ONE-BOND,2025-05-01,9.7777
ONE-GLOBAL,2024-10-21,8.6306
ONE-EQ,2024-11-08,8.231
SET-TRI,2026-01-16,1113.7361
ONE-EQ,2025-04-21,7.3846
ONE-EQ,2024-10-28,
SET-TRI,2024-09-30,1189.9067
ONE-EQ,2024-07-11,10.0032
ONE-EQ,2026-01-06,6.6396
ONE-BOND,2026-05-21,10.2601
ONE-EQ,2026-03-18,6.0065
ONE-EQ,2024-10-07,8.5473
ONE-EQ,2025-03-12,6.7915
SET-TRI,2024-09-12,1231.2005
SET-TRI,2025-12-23,1106.6812
ONE-EQ,2025-11-03,6.7811
SET-TRI,2025-02-14,
SET-TRI,2026-03-13,1239.9156
ONE-GLOBAL,2024-09-20,8.4874
ONE-EQ,2025-06-30,6.0412
ONE-EQ,2025-09-01,6.3348
ONE-GLOBAL,2024-09-12,8.6171
ONE-GLOBAL,2024-09-10,8.7428
ONE-EQ,2025-08-04,6.0215
ONE-GLOBAL,2025-09-24,9.1254
ONE-BOND,2026-04-16,10.3004
ONE-EQ,2025-10-06,6.4694
SET-TRI,2025-03-24,1066.7661
ONE-GLOBAL,2025-10-22,8.9294
SET-TRI,2025-01-13,1120.6349
ONE-BOND,2025-03-31,9.6844
ONE-EQ,2026-05-28,5.0859
ONE-BOND,2025-11-05,10.392
ONE-GLOBAL,2025-09-18,9.2745
ONE-GLOBAL,2024-12-10,8.0892
ONE-BOND,2025-04-21,9.8035
SET-TRI,2024-09-10,1235.8781
ONE-BOND,2026-03-11,10.378
SET-TRI,2026-05-19,1163.0729
ONE-EQ,2026-01-14,6.3976
ONE-BOND,2024-11-15,9.763
ONE-BOND,2026-06-01,10.3558
ONE-GLOBAL,2025-08-19,9.3824
SET-TRI,2025-01-29,1127.9479
SET-TRI,2024-07-29,1141.4415
ONE-BOND,2025-02-27,9.8809
SET-TRI,2026-03-23,1215.337
SET-TRI,2024-11-08,"1,252.84"
SET-TRI,2025-10-21,942.4872
SET-TRI,2024-10-04,1222.8938
SET-TRI,2026-01-20,1112.1885
ONE-BOND,2026-01-02,10.2125
ONE-GLOBAL,2025-04-18,9.4157
ONE-EQ,2025-08-28,6.3342
SET-TRI,2025-09-22,925.3079
SET-TRI,2025-06-12,953.0379
ONE-EQ,2024-07-26,9.8738
ONE-GLOBAL,2025-01-23,8.8511
ONE-BOND,2026-01-07,10.2061
ONE-BOND,2026-04-29,10.3513
ONE-EQ,2025-08-08,5.9619
ONE-BOND,2024-08-30,9.91
ONE-GLOBAL,2026-03-27,10.1655
SET-TRI,2024-08-09,1137.9199
ONE-GLOBAL,2026-02-23,10.068
ONE-GLOBAL,2024-12-24,8.0698
ONE-EQ,2025-02-04,7.5399
ONE-EQ,2026-01-19,6.4951
ONE-BOND,2025-01-22,9.7638
ONE-BOND,2024-10-29,9.8757
ONE-GLOBAL,2025-05-14,9.8755
SET-TRI,2026-04-27,1192.1133
SET-TRI,2025-09-19,934.0231
SET-TRI,2025-12-26,1110.4032
SET-TRI,2024-09-24,1205.6763
ONE-GLOBAL,2024-09-26,8.3397
SET-TRI,2025-11-17,952.5849
ONE-BOND,2026-01-08,10.1889
ONE-BOND,2025-01-10,9.89
ONE-EQ,2025-10-10,6.4124
SET-TRI,2026-03-20,1244.9659
ONE-GLOBAL,2025-03-03,9.4333
ONE-GLOBAL,2025-12-16,8.6494
ONE-EQ,2025-12-18,6.6922
ONE-BOND,2025-02-25,9.9427
ONE-BOND,2024-09-24,9.9325
ONE-EQ,2026-05-14,5.162
ONE-GLOBAL,2026-05-22,11.1144
ONE-GLOBAL,2024-11-22,8.7675
SET-TRI,2025-10-10,983.9239
ONE-GLOBAL,2025-05-15,9.812
ONE-EQ,2026-05-01,52.908
ONE-EQ,2024-08-02,9.6848
ONE-BOND,2025-01-09,9.8605
ONE-EQ,2024-10-24,8.3466
ONE-EQ,2025-01-15,7.5246
ONE-EQ,2024-07-12,10.0477
SET-TRI,2025-12-09,1065.6167
ONE-EQ,2026-03-16,6.1312
SET-TRI,2025-08-01,1007.6908
ONE-EQ,2025-10-01,6.3455
ONE-BOND,2025-10-20,10.3927
ONE-GLOBAL,2026-03-06,10.1177
ONE-BOND,2025-08-06,10.0628
ONE-GLOBAL,2024-08-06,9.708
SET-TRI,2025-12-11,
ONE-GLOBAL,2025-04-16,9.4722
ONE-GLOBAL,2024-10-14,8.5659
ONE-BOND,2025-07-21,9.8947
ONE-EQ,2025-12-23,6.5393
ONE-BOND,2024-11-08,9.8191
SET-TRI,2024-07-30,1152.7735
ONE-GLOBAL,2026-05-18,10.7951
ONE-BOND,2025-04-04,9.7186
SET-TRI,2025-07-21,1009.326
ONE-EQ,2026-02-11,6.4162
ONE-BOND,2025-07-02,9.9044
SET-TRI,2024-10-15,
ONE-BOND,2024-07-22,10.131
SET-TRI,2025-11-18,967.2733
ONE-BOND,2026-02-10,10.3022
ONE-GLOBAL,2024-08-09,9.5653
ONE-GLOBAL,2025-05-12,9.988
SET-TRI,2026-05-25,1230.4536
ONE-BOND,2025-11-17,10.1831
ONE-GLOBAL,2025-12-11,8.4697
SET-TRI,2025-05-27,977.1418
SET-TRI,2025-12-08,1069.5232
SET-TRI,2025-03-03,1104.942
SET-TRI,2025-05-07,1005.7117
ONE-EQ,2025-03-19,6.7895
SET-TRI,2026-02-27,1258.5842
ONE-BOND,2025-12-09,10.159
ONE-GLOBAL,2025-12-02,8.5457
SET-TRI,2025-04-25,926.3068
ONE-BOND,2025-05-01,9.7777
ONE-EQ,2025-11-06,6.5886
ONE-EQ,2024-09-19,8.3788
ONE-BOND,2025-01-20,9.7786
ONE-GLOBAL,2026-04-28,11.2642
ONE-EQ,2025-07-14,6.1111
ONE-EQ,2024-12-26,8.1393
ONE-BOND,2026-05-13,10.2603
ONE-BOND,2025-01-27,9.8002
ONE-EQ,2025-05-14,7.0223
ONE-EQ,2025-07-21,6.1283
ONE-GLOBAL,2025-11-04,8.3316
ONE-EQ,2025-08-21,5.9646
ONE-GLOBAL,2025-04-07,8.9516
ONE-GLOBAL,2025-04-14,9.1718
SET-TRI,2025-10-27,937.3143
ONE-GLOBAL,2025-05-09,9.9423
SET-TRI,2024-10-22,1253.8914
ONE-EQ,2024-10-23,8.2648
ONE-GLOBAL,2024-10-23,8.4291
ONE-GLOBAL,2025-07-29,9.9011
SET-TRI,2025-12-24,1097.2769
SET-TRI,2025-06-24,950.6793
ONE-EQ,2025-09-29,6.339
ONE-GLOBAL,2026-04-21,10.9176
ONE-GLOBAL,2025-02-12,8.8347
ONE-BOND,2026-04-22,10.2639
ONE-BOND,2025-03-06,9.8673
ONE-BOND,2025-04-08,9.7313
ONE-GLOBAL,2026-04-09,10.5692
SET-TRI,2025-07-22,0.0
ONE-GLOBAL,2026-01-23,9.3722
ONE-GLOBAL,2024-07-30,9.4477
ONE-EQ,2026-03-19,5.9544
ONE-GLOBAL,2024-12-27,8.3734
ONE-GLOBAL,2026-05-19,10.8605
ONE-BOND,2025-12-12,10.1768
ONE-EQ,2025-04-24,7.8383
SET-TRI,2026-02-11,1146.8274
ONE-EQ,2024-09-27,8.3799
ONE-GLOBAL,2024-07-11,9.9718
SET-TRI,2024-12-13,1213.6931
SET-TRI,2024-12-23,1177.5942
SET-TRI,2025-03-25,1061.5261
ONE-EQ,2026-02-26,
ONE-GLOBAL,2025-06-13,9.1511
SET-TRI,2024-11-15,1307.3174
ONE-GLOBAL,2024-11-13,8.4547
ONE-EQ,2025-06-09,6.6866
SET-TRI,2025-09-04,906.5236
ONE-BOND,2025-03-11,9.8623
SET-TRI,2024-07-15,1012.5507
ONE-EQ,2025-03-13,6.68
ONE-BOND,2024-08-28,9.8952
SET-TRI,2024-09-25,1189.4138
SET-TRI,2025-03-05,1111.5605
ONE-EQ,2025-02-10,7.3867
SET-TRI,2025-08-05,997.3833
SET-TRI,2025-10-09,981.5046
ONE-BOND,2025-10-01,10.1781
ONE-GLOBAL,2025-11-26,8.2843
SET-TRI,2025-04-16,950.7398
SET-TRI,2025-10-07,995.9927
ONE-BOND,2026-01-20,10.3676
ONE-BOND,2025-05-13,9.7693
ONE-GLOBAL,2025-12-30,9.1507
SET-TRI,2025-09-02,910.5374
SET-TRI,2025-06-20,956.8829
ONE-EQ,2025-07-16,6.0451
ONE-EQ,2025-08-22,6.0975
SET-TRI,2025-05-26,975.7983
ONE-BOND,2026-04-21,10.2506
SET-TRI,2025-11-05,907.7346
ONE-EQ,2024-08-12,8.8062
ONE-BOND,2026-05-29,10.377
ONE-GLOBAL,2025-12-26,9.2514
ONE-EQ,2025-10-28,6.3821
ONE-BOND,2025-04-23,9.7538
ONE-EQ,2025-05-26,6.70
ONE-EQ,2024-12-09,8.1793
SET-TRI,2025-04-28,938.66
ONE-BOND,2025-04-02,9.6788
ONE-GLOBAL,2025-11-24,8.2459
ONE-GLOBAL,2024-11-18,8.4812
SET-TRI,2026-06-03,1252.7247
ONE-EQ,2024-08-22,8.3191
ONE-EQ,2024-07-25,9.8222
ONE-EQ,2026-03-17,6.0044
ONE-GLOBAL,2026-05-01,11.4849
ONE-GLOBAL,2025-05-01,9.9709
SET-TRI,2024-10-31,1230.788
SET-TRI,2024-10-29,1256.773
ONE-GLOBAL,2025-03-05,9.5931
ONE-GLOBAL,2025-12-05,8.6983
ONE-EQ,2026-03-23,5.9478
ONE-GLOBAL,2025-11-06,8.1296
ONE-EQ,2025-01-02,7.7682
ONE-EQ,2025-07-07,5.9855
SET-TRI,2024-11-11,1253.4735
ONE-BOND,2025-02-20,9.9459
ONE-BOND,2024-08-20,9.8666
ONE-BOND,2024-10-02,9.9169
ONE-EQ,2025-04-15,7.2115
ONE-GLOBAL,2025-01-07,8.7093
ONE-EQ,2026-02-04,6.18
SET-TRI,2025-02-26,1129.4075
ONE-BOND,2025-04-15,9.8203
SET-TRI,2025-04-08,969.3232
ONE-BOND,2026-03-25,10.2203
ONE-GLOBAL,2025-10-29,8.4987
ONE-BOND,2025-05-23,9.7516
ONE-GLOBAL,2025-01-22,8.9397
ONE-GLOBAL,2025-01-10,8.869
ONE-BOND,2025-04-18,9.8155
ONE-BOND,2025-07-30,9.9792
ONE-EQ,2026-02-09,6.473
ONE-EQ,2024-07-30,9.7674
ONE-EQ,2026-05-19,5.1795
SET-TRI,2026-03-25,1207.7608
ONE-BOND,2024-10-01,9.8937
ONE-EQ,2026-05-07,5.2453
ONE-GLOBAL,2025-02-14,8.9363
ONE-BOND,2025-01-24,9.7912
ONE-GLOBAL,2024-08-30,9.0527
ONE-GLOBAL,2026-04-27,11.20
SET-TRI,2025-03-28,1052.4118
ONE-GLOBAL,2024-12-02,8.5859
ONE-EQ,2025-02-25,7.1456
ONE-BOND,2025-01-16,9.7512
ONE-EQ,2026-05-18,5.1744
ONE-BOND,2025-06-18,9.9088
ONE-EQ,2025-01-09,7.451
ONE-BOND,2025-09-04,10.2274
ONE-BOND,2024-10-08,9.8672
SET-TRI,2025-05-15,988.3734
ONE-BOND,2026-02-05,10.2962
SET-TRI,2024-07-24,1094.2402
ONE-BOND,2026-02-18,10.3046
ONE-EQ,2024-10-21,8.1281
ONE-GLOBAL,2024-07-31,9.4475
ONE-EQ,2024-07-29,9.8912
ONE-BOND,2025-10-14,10.2432
SET-TRI,2024-11-13,1300.3192
ONE-EQ,2025-04-29,7.6291
ONE-EQ,2025-09-09,6.4598
ONE-GLOBAL,2024-12-26,8.3404
SET-TRI,2025-02-21,1141.7777
ONE-BOND,2026-02-12,10.296
ONE-GLOBAL,2024-10-10,8.3948
ONE-GLOBAL,2025-04-08,8.8506
SET-TRI,2025-07-04,955.2483
ONE-BOND,2024-08-01,10.0292
ONE-EQ,2025-10-30,6.5458
ONE-BOND,2025-08-08,10.0364
SET-TRI,2026-01-21,1112.4349
SET-TRI,2025-06-27,989.0828
SET-TRI,2025-08-11,1034.048
ONE-GLOBAL,2025-09-19,9.261
ONE-EQ,2024-09-09,8.0196
ONE-BOND,2025-06-12,9.8836
ONE-GLOBAL,2025-12-23,9.0129
ONE-BOND,2026-04-28,10.37
ONE-GLOBAL,2025-06-03,9.3852
ONE-EQ,2026-02-24,6.5477
SET-TRI,2026-05-20,1173.8555
ONE-BOND,2025-09-02,10.228
ONE-GLOBAL,2025-12-24,9.0426
ONE-GLOBAL,2024-11-07,8.4182
ONE-EQ,2024-08-16,8.5431
ONE-GLOBAL,2025-03-20,9.2384
ONE-BOND,2025-06-10,9.8682
ONE-EQ,2025-01-16,7.6787
ONE-EQ,2025-05-01,7.5257
ONE-BOND,2026-05-11,-10.2802
ONE-EQ,2024-09-26,8.3851
ONE-EQ,2026-04-21,5.62
SET-TRI,2025-08-15,1013.9204
ONE-EQ,2025-05-09,7.2467
ONE-BOND,2025-03-25,9.7524
ONE-BOND,2024-10-09,9.851
ONE-EQ,2026-01-16,6.4037
ONE-BOND,2026-02-09,10.3097
SET-TRI,2025-02-06,1153.2073
SET-TRI,2025-01-22,1135.714
ONE-BOND,2025-10-24,10.3886
SET-TRI,2025-11-27,1017.8512
ONE-EQ,2025-03-18,6.7906
ONE-BOND,2025-04-17,9.8091
ONE-GLOBAL,2025-06-12,9.211
ONE-GLOBAL,2024-07-22,9.6177
ONE-BOND,2025-02-26,9.9028
ONE-EQ,2025-09-04,6.4613
SET-TRI,2024-09-17,1256.4443
ONE-BOND,2024-07-12,10.0212
ONE-BOND,2025-05-06,9.7645
ONE-EQ,2024-10-29,8.2454
ONE-GLOBAL,2026-06-04,11.1548
ONE-BOND,2026-03-13,10.3547
ONE-GLOBAL,2025-05-23,10.0517
ONE-EQ,2025-05-27,6.6085
ONE-GLOBAL,2025-09-30,9.0187
ONE-GLOBAL,2026-05-26,11.1141
ONE-BOND,2026-04-23,10.2708
ONE-EQ,2024-08-21,8.4948
ONE-GLOBAL,2024-10-04,8.4038
ONE-EQ,2025-05-22,6.85
SET-TRI,2024-07-25,1110.8416
ONE-BOND,2025-05-26,9.7361
ONE-EQ,2026-03-25,6.0328
ONE-EQ,2024-08-26,8.1578
ONE-BOND,2026-06-04,10.2994
ONE-GLOBAL,2026-04-23,11.1082
ONE-GLOBAL,2026-01-13,9.2406
ONE-GLOBAL,2025-03-04,9.6027
SET-TRI,2024-12-05,1216.1126
SET-TRI,2025-01-20,1139.7072
ONE-GLOBAL,2026-04-14,10.8563
ONE-BOND,2026-04-06,10.2594
ONE-EQ,2025-02-07,7.4421
ONE-GLOBAL,2026-04-15,10.8216
ONE-EQ,2025-05-19,6.7628
ONE-BOND,2024-08-19,9.8493
ONE-GLOBAL,2025-04-21,9.5499
SET-TRI,2024-11-05,1216.0969
SET-TRI,2025-05-23,984.9887
ONE-GLOBAL,2025-11-19,8.1521
ONE-BOND,2024-10-10,9.7969
ONE-GLOBAL,2025-10-21,8.9749
ONE-BOND,2025-06-20,9.9397
ONE-BOND,2026-02-27,10.3132
ONE-EQ,2024-12-17,8.1632
ONE-EQ,2024-09-17,8.0592
ONE-EQ,2025-08-20,6.1148
ONE-BOND,2024-11-28,9.825
ONE-BOND,2024-08-09,9.97
ONE-EQ,2025-04-25,7.7172
ONE-BOND,2025-02-03,9.9289
ONE-GLOBAL,2026-05-05,11.2845
ONE-BOND,2024-11-12,9.7685
ONE-BOND,2025-06-25,9.9168
ONE-BOND,2025-04-03,9.70
ONE-GLOBAL,2025-01-13,8.8696
ONE-GLOBAL,2025-07-31,9.78
ONE-GLOBAL,2026-01-07,9.2692
ONE-BOND,2026-01-06,10.1888
ONE-GLOBAL,2026-01-21,9.0055
ONE-GLOBAL,2025-10-20,9.0887
ONE-BOND,2025-06-19,9.9154
ONE-GLOBAL,2025-03-25,9.1739
SET-TRI,2025-10-06,980.7405
ONE-BOND,2025-08-14,10.1148
ONE-GLOBAL,2024-12-23,8.0043
ONE-BOND,2025-06-13,9.8758
ONE-BOND,2025-10-28,10.3928
ONE-GLOBAL,2025-03-27,9.0383
ONE-GLOBAL,2025-12-10,8.4647
ONE-BOND,2025-03-27,9.7066
ONE-GLOBAL,2025-03-11,9.48
ONE-GLOBAL,2025-06-25,9.7066
ONE-BOND,2024-07-15,0.0
ONE-BOND,2026-03-16,10.3111
ONE-EQ,2026-02-03,6.3418
ONE-GLOBAL,2025-01-08,8.7081
ONE-BOND,2025-12-17,10.1413
SET-TRI,2026-05-11,1153.8743
SET-TRI,2025-01-27,1102.5859
SET-TRI,2025-10-15,979.7336
ONE-GLOBAL,2025-01-31,8.8913
ONE-EQ,2025-01-22,7.5324
ONE-BOND,2026-05-27,10.38
ONE-GLOBAL,2026-02-10,9.9595
ONE-BOND,2025-12-19,10.1397
ONE-EQ,2025-02-27,7.0671
ONE-BOND,2026-04-17,10.3042
ONE-GLOBAL,2025-09-22,9.2376
ONE-EQ,2025-05-07,7.2626
ONE-BOND,2026-04-02,10.2583
ONE-BOND,2025-10-03,10.2278
ONE-EQ,2025-01-10,7.5341
ONE-EQ,2025-09-24,6.486
ONE-EQ,2025-01-21,7.6326
SET-TRI,2026-04-24,1199.3326
SET-TRI,2025-05-20,1005.1062
ONE-EQ,2026-02-13,6.5468
ONE-BOND,2024-08-21,9.8337
ONE-EQ,2024-09-03,
ONE-BOND,2025-07-29,9.9793
ONE-BOND,2026-02-20,10.2934
ONE-EQ,2024-09-24,8.3229
ONE-GLOBAL,2025-04-25,9.8498
ONE-EQ,2025-01-17,7.674
SET-TRI,2025-10-13,984.3337
ONE-BOND,2024-12-30,9.9057
ONE-GLOBAL,2025-08-26,
ONE-EQ,2024-08-29,8.1025
ONE-EQ,2024-08-15,8.8436
ONE-GLOBAL,2025-02-17,8.85
ONE-BOND,2026-01-26,10.2787
ONE-EQ,2026-04-01,5.9763
ONE-GLOBAL,2024-10-29,8.2396
SET-TRI,2024-08-02,1168.6169
ONE-BOND,2025-06-24,9.9773
ONE-BOND,2024-10-25,9.8766
ONE-BOND,2026-01-23,10.3347
SET-TRI,2025-04-22,936.5416
ONE-BOND,2025-07-08,9.908
ONE-EQ,2025-09-08,6.5099
SET-TRI,2025-12-18,1067.2131
ONE-BOND,2025-07-24,9.8883
SET-TRI,2026-04-08,1173.9742
SET-TRI,2024-09-04,1218.6647
ONE-BOND,2024-09-23,9.9592
SET-TRI,2026-03-09,1265.679
ONE-GLOBAL,2025-08-04,9.9254
SET-TRI,2024-12-17,1203.6098
ONE-EQ,2025-06-18,6.5653
ONE-EQ,2024-12-03,8.2557
ONE-EQ,2025-08-01,6.2417
ONE-EQ,2026-01-13,6.3256
ONE-EQ,2024-12-12,8.2231
ONE-GLOBAL,2024-11-12,8.4407
ONE-EQ,2025-02-19,7.2129
ONE-GLOBAL,2026-04-30,11.3473
ONE-GLOBAL,2025-06-23,9.6147
ONE-BOND,2026-06-05,10.2895
SET-TRI,2024-12-06,1197.4006
ONE-BOND,2025-01-17,9.7514
ONE-GLOBAL,2025-02-20,8.9221
SET-TRI,2024-08-28,1194.7709
ONE-EQ,2025-10-29,6.5203
ONE-EQ,2025-10-15,6.5514
ONE-BOND,2025-08-15,10.1431
ONE-EQ,2025-01-14,-7.3932
ONE-GLOBAL,2025-01-20,8.9795
ONE-BOND,2025-10-07,10.2005
ONE-EQ,2025-03-03,6.9715
SET-TRI,2025-11-07,938.326
ONE-GLOBAL,2026-03-02,10.0605
ONE-GLOBAL,2025-11-27,8.2729
ONE-BOND,2025-03-18,9.7721
ONE-BOND,2024-08-08,10.0094
SET-TRI,2026-04-21,1237.7088
ONE-EQ,2024-08-14,8.8639
ONE-GLOBAL,2025-09-12,9.2834
SET-TRI,2025-12-05,1042.2388
ONE-EQ,2026-03-24,5.907
ONE-EQ,2025-02-06,7.4736
SET-TRI,2026-05-07,1146.4262
ONE-EQ,2024-11-20,8.5686
SET-TRI,2026-03-16,1229.562
ONE-EQ,2025-05-12,7.2528
ONE-EQ,2025-12-26,6.4208
ONE-BOND,2024-09-16,9.9019
ONE-GLOBAL,2025-08-07,10.0023
ONE-GLOBAL,2026-01-22,9.1259
SET-TRI,2026-01-15,1116.859
ONE-GLOBAL,2025-12-03,8.541
ONE-EQ,2025-08-25,6.1814
ONE-GLOBAL,2025-05-05,10.0295
ONE-BOND,2025-04-14,9.8234
ONE-EQ,2024-11-28,8.0775
ONE-BOND,2024-09-18,9.8632
SET-TRI,2025-07-01,976.7216
ONE-GLOBAL,2025-08-12,9.9671
SET-TRI,2024-11-21,1299.441
ONE-EQ,2026-05-27,5.0269
ONE-BOND,2025-07-25,9.96
ONE-GLOBAL,2025-04-17,9.451
ONE-BOND,2025-12-23,10.0803
SET-TRI,2025-05-06,987.4051
ONE-GLOBAL,2025-06-26,9.7045
ONE-GLOBAL,2026-04-20,11.0336
ONE-BOND,2026-04-28,10.37
ONE-BOND,2024-07-29,10.1337
ONE-EQ,2025-06-16,6.5804
ONE-EQ,2025-03-04,6.9713
ONE-EQ,2024-10-22,8.1196
ONE-GLOBAL,2024-10-02,8.4843
SET-TRI,2025-06-19,965.1792
SET-TRI,2026-05-13,1143.1163
SET-TRI,2025-03-18,1116.6663
ONE-EQ,2024-12-24,8.1027
ONE-BOND,2025-01-21,9.7957
ONE-GLOBAL,2024-08-08,9.6422
ONE-GLOBAL,2025-05-06,100.831
ONE-GLOBAL,2026-06-01,11.2654
ONE-EQ,2024-07-18,9.7023
ONE-BOND,2026-06-10,10.2969
ONE-EQ,2025-07-02,5.9513
ONE-BOND,2025-03-04,9.8735
ONE-BOND,2024-11-19,9.7272
ONE-BOND,2024-09-03,9.898
ONE-BOND,2025-12-31,10.1532
ONE-EQ,2025-12-30,6.3332
ONE-BOND,2026-01-13,10.2185
ONE-BOND,2024-12-02,9.9092
SET-TRI,2024-07-16,1035.877
ONE-GLOBAL,2024-08-02,9.7999
ONE-EQ,2024-09-25,8.3036
ONE-EQ,2026-04-27,5.454
ONE-EQ,2025-07-18,6.0343
ONE-BOND,2024-08-27,9.8504
ONE-GLOBAL,2024-11-05,8.5557
ONE-GLOBAL,2025-07-18,9.8615
ONE-GLOBAL,2024-09-02,8.9934
SET-TRI,2026-01-26,1128.5383
ONE-EQ,2024-10-02,8.5553
SET-TRI,2024-08-19,1177.4848
SET-TRI,2024-09-26,1182.8701
ONE-EQ,2025-02-28,6.8988
SET-TRI,2025-03-07,1098.8509
ONE-GLOBAL,2025-09-25,9.2999
ONE-EQ,2025-10-17,6.5136
SET-TRI,2025-05-01,957.6093
ONE-EQ,2025-06-23,6.4747
ONE-EQ,2025-12-16,6.4252
SET-TRI,2024-11-18,1314.5556
ONE-BOND,2026-06-05,10.2895
ONE-EQ,2026-06-10,4.7767
SET-TRI,2024-11-25,1264.5395
SET-TRI,2024-10-02,
ONE-GLOBAL,2025-01-17,8.8961
ONE-GLOBAL,2024-12-20,7.9519
SET-TRI,2025-09-18,920.692
ONE-BOND,2025-10-17,10.36
SET-TRI,2024-09-19,1247.5902
ONE-GLOBAL,2024-10-11,8.4496
SET-TRI,2024-08-15,1171.3469
ONE-EQ,2025-06-04,6.7358
ONE-GLOBAL,2025-01-03,8.5265
ONE-BOND,2025-05-07,9.7805
ONE-EQ,2026-03-05,6.3913
ONE-BOND,2024-07-25,10.1374
SET-TRI,2024-08-07,1137.3279
SET-TRI,2025-09-03,898.6007
ONE-EQ,2025-04-04,6.8608
SET-TRI,2024-10-17,1239.9561
ONE-BOND,2025-03-13,9.791
ONE-EQ,2026-03-12,6.057
ONE-GLOBAL,2025-10-24,8.8352
SET-TRI,2025-02-17,1168.3606
ONE-BOND,2025-08-07,10.0488
SET-TRI,2026-04-02,1196.6124
ONE-BOND,2025-03-28,
ONE-BOND,2024-08-02,10.0398
ONE-EQ,2025-03-26,6.7273
ONE-GLOBAL,2025-03-31,9.1598
SET-TRI,2024-10-10,1233.6813
ONE-GLOBAL,2025-01-21,9.0903
ONE-GLOBAL,2024-10-16,8.6947
ONE-GLOBAL,2026-03-10,10.1444
ONE-BOND,2026-02-02,10.2104
ONE-BOND,2025-03-05,9.8654
SET-TRI,2025-09-17,929.1168
ONE-BOND,2025-06-16,9.8539
ONE-GLOBAL,2024-08-27,9.3161
ONE-BOND,2025-06-11,9.8598
ONE-BOND,2026-02-11,10.327
ONE-BOND,2025-01-10,9.89
SET-TRI,2025-01-14,1124.8224
ONE-GLOBAL,2025-06-16,8.9818
ONE-EQ,2025-04-11,7.1608
ONE-BOND,2025-09-25,10.249
ONE-EQ,2026-06-04,4.8099
ONE-GLOBAL,2024-11-15,8.4831
ONE-GLOBAL,2026-03-13,9.9567
ONE-BOND,2024-09-06,9.915
ONE-GLOBAL,2026-05-13,11.0926
ONE-EQ,2025-12-25,6.5222
ONE-EQ,2024-08-19,8.4821
ONE-BOND,2025-09-05,10.2331
ONE-EQ,2026-01-15,6.3826
ONE-BOND,2025-06-30,9.8675
ONE-EQ,2025-10-02,6.28
ONE-EQ,2025-02-03,7.4374
ONE-GLOBAL,2025-09-01,9.2144
ONE-GLOBAL,2024-12-31,8.4845
ONE-EQ,2025-06-10,6.6873
ONE-BOND,2024-07-24,10.1347
SET-TRI,2024-08-06,1146.1407
ONE-GLOBAL,2026-02-05,9.8437
ONE-GLOBAL,2026-01-15,9.1224
ONE-BOND,2026-05-05,10.3149
SET-TRI,2025-07-18,1015.3759
ONE-BOND,2025-11-28,10.2447
ONE-EQ,2024-12-06,8.1212
ONE-EQ,2025-11-13,6.6613
SET-TRI,2024-09-16,1242.0303
ONE-GLOBAL,2025-02-06,9.0495
ONE-EQ,2026-01-07,6.6294
ONE-BOND,2024-07-17,10.0746
ONE-BOND,2026-05-04,10.2792
ONE-BOND,2024-12-23,9.8815
ONE-BOND,2025-08-12,10.0663
ONE-GLOBAL,2024-09-25,8.4951
SET-TRI,2026-01-22,1128.4261
ONE-EQ,2025-03-06,6.91
ONE-BOND,2025-08-05,10.0534
SET-TRI,2025-02-12,1191.8949
ONE-BOND,2025-08-01,9.9964
ONE-EQ,2025-09-12,6.5991
SET-TRI,2024-10-18,1271.6736
ONE-EQ,2026-02-12,6.3187
SET-TRI,2026-04-28,1168.836
SET-TRI,2025-05-08,1008.0412
ONE-EQ,2026-03-03,6.4326
ONE-EQ,2025-03-28,6.8441
ONE-BOND,2024-07-18,10.121
ONE-GLOBAL,2026-02-03,9.724
ONE-EQ,2025-07-23,6.0134
ONE-GLOBAL,2025-12-08,8.6538
ONE-GLOBAL,2025-01-09,8.7313
ONE-GLOBAL,2026-04-02,10.0795
ONE-EQ,2025-02-24,7.2889
ONE-EQ,2026-02-10,6.4406
SET-TRI,2025-07-31,992.954
ONE-EQ,2024-11-21,8.6408
ONE-EQ,2024-11-26,8.3387
ONE-BOND,2024-08-22,9.8422
ONE-GLOBAL,2025-12-19,8.7172
ONE-GLOBAL,2025-09-29,9.1914
ONE-GLOBAL,2025-10-06,8.9321
ONE-EQ,2025-04-28,7.5409
ONE-GLOBAL,2026-05-06,11.1575
ONE-GLOBAL,2025-03-28,9.16
ONE-GLOBAL,2025-12-15,8.6149
ONE-EQ,2025-06-19,6.6732
SET-TRI,2025-01-16,1125.9893
ONE-EQ,2025-05-28,6.5298
ONE-BOND,2025-08-19,10.1885
ONE-GLOBAL,2026-01-30,9.6908
ONE-BOND,2026-01-12,10.1991
ONE-EQ,2024-07-23,9.834
ONE-GLOBAL,2026-01-16,9.1952
SET-TRI,2025-12-12,1035.8095
SET-TRI,2025-11-19,977.8758
SET-TRI,2026-02-05,1093.1479
ONE-GLOBAL,2025-12-04,8.5762
ONE-BOND,2026-03-02,10.327
SET-TRI,2025-05-19,1001.3591
ONE-GLOBAL,2025-08-22,9.6389
ONE-BOND,2024-08-12,9.9318
SET-TRI,2025-01-15,1137.6685
ONE-EQ,2025-04-02,6.8979
ONE-BOND,2025-11-21,10.194
ONE-BOND,2025-10-13,10.2839
ONE-EQ,2025-07-10,5.9936
ONE-EQ,2025-01-29,7.4487
ONE-GLOBAL,2025-10-14,9.2323
SET-TRI,2025-02-07,1156.5931
ONE-GLOBAL,2025-04-15,9.25
ONE-BOND,2025-09-15,10.2066
ONE-GLOBAL,2026-02-18,9.8583
SET-TRI,2025-12-01,1034.1576
ONE-GLOBAL,2026-03-16,10.0665
ONE-BOND,2024-08-29,9.9012
SET-TRI,2025-10-02,980.9329
ONE-GLOBAL,2026-01-08,9.2591
ONE-GLOBAL,2024-11-20,8.6157
ONE-GLOBAL,2024-08-23,9.2842
ONE-GLOBAL,2026-01-14,9.1436
SET-TRI,2026-04-22,1226.54
ONE-BOND,2026-06-02,10.3334
ONE-BOND,2025-02-07,9.916
ONE-BOND,2026-03-27,10.1775
ONE-EQ,2024-09-30,8.4603
ONE-BOND,2024-09-30,9.9097
ONE-BOND,2025-07-11,9.8972
ONE-BOND,2026-04-30,10.3592
ONE-EQ,2025-08-11,5.9415
SET-TRI,2024-12-12,1196.6534
ONE-GLOBAL,2026-03-11,10.1374
ONE-EQ,2025-12-01,6.9542
ONE-EQ,2025-06-17,
SET-TRI,2025-01-06,1114.375
ONE-EQ,2024-11-18,8.4401
ONE-BOND,2025-06-04,9.8807
ONE-EQ,2025-10-27,6.2853
ONE-BOND,2024-07-30,10.0888
SET-TRI,2025-04-17,940.0001
SET-TRI,2025-04-07,985.977
ONE-BOND,2025-10-09,10.2864
ONE-GLOBAL,2026-03-30,10.1774
ONE-BOND,2024-12-11,9.8936
ONE-EQ,2025-04-03,6.769
ONE-EQ,2024-09-04,8.13
SET-TRI,2024-08-14,1153.7357
SET-TRI,2025-02-03,1110.9943
ONE-GLOBAL,2026-05-07,11.2841
SET-TRI,2024-08-23,1166.3497
ONE-GLOBAL,2025-01-15,8.9276
ONE-GLOBAL,2025-07-16,9.7215
SET-TRI,2024-09-05,1221.5237
ONE-GLOBAL,2025-05-20,9.6657
ONE-BOND,2025-01-07,9.8721
ONE-EQ,2024-10-08,8.4104
ONE-EQ,2025-06-03,6.5474
ONE-GLOBAL,2025-03-14,9.2303
ONE-EQ,2024-12-05,8.0957
ONE-BOND,2025-12-04,10.2022
ONE-GLOBAL,2025-07-01,9.687
SET-TRI,2026-03-19,1221.123
ONE-GLOBAL,2026-01-26,9.5936
ONE-EQ,2025-07-01,6.047
ONE-BOND,2026-03-09,10.3524
ONE-EQ,2026-02-23,6.4571
ONE-GLOBAL,2025-07-30,9.8302
ONE-BOND,2025-06-02,9.8152
ONE-GLOBAL,2025-11-25,
ONE-BOND,2026-03-03,10.3095
ONE-GLOBAL,2026-02-25,10.2034
ONE-EQ,2024-10-30,8.4238
ONE-GLOBAL,2026-05-27,11.1912
ONE-BOND,2024-12-06,9.8953
ONE-EQ,2026-06-08,4.7763
SET-TRI,2026-03-10,1243.9259
SET-TRI,2024-12-09,1194.2196
ONE-BOND,2025-12-29,10.1552
ONE-EQ,2024-11-11,8.183
ONE-EQ,2024-10-09,8.3456
ONE-BOND,2025-08-27,10.1411
ONE-GLOBAL,2024-12-05,8.4272
ONE-EQ,2025-07-30,6.1393
ONE-GLOBAL,2025-03-12,9.3037
SET-TRI,2025-03-19,1128.0062
SET-TRI,2025-08-29,915.0458
SET-TRI,2026-01-30,1110.8046
ONE-EQ,2025-02-11,7.3898
ONE-GLOBAL,2024-12-17,8.1361
SET-TRI,2025-08-13,1015.1679
ONE-EQ,2026-02-05,6.2974
ONE-GLOBAL,2025-10-16,9.087
SET-TRI,2025-06-03,937.9863
ONE-GLOBAL,2026-02-09,10.0317
ONE-GLOBAL,2024-08-05,9.7887
ONE-EQ,2024-09-11,8.1856
SET-TRI,2025-02-05,1123.4259
ONE-EQ,2026-01-08,6.5958
ONE-EQ,2025-05-15,7.0082
ONE-EQ,2025-01-23,7.6503
ONE-BOND,2025-12-16,10.15
ONE-EQ,2025-11-24,6.6527
ONE-GLOBAL,2025-05-19,9.5293
ONE-BOND,2025-02-17,9.9386
ONE-EQ,2025-07-11,6.0627
ONE-BOND,2025-09-08,10.2206
ONE-GLOBAL,2026-01-20,9.1107
ONE-BOND,2024-12-03,9.9158
ONE-EQ,2025-04-10,7.0767
ONE-EQ,2024-12-19,8.0535
ONE-BOND,2024-10-24,9.8782
ONE-BOND,2024-10-22,9.9183
ONE-GLOBAL,2025-05-13,9.9084
ONE-BOND,2026-01-28,10.2394
SET-TRI,2026-03-31,
ONE-BOND,2025-04-29,9.7821
SET-TRI,2025-08-27,937.0963
ONE-EQ,2025-11-25,6.6738
ONE-BOND,2024-10-03,9.9397
ONE-BOND,2024-08-07,10.0013
ONE-BOND,2025-12-02,10.1834
SET-TRI,2025-11-06,919.8404
ONE-BOND,2024-07-11,10.0102
ONE-GLOBAL,2026-03-12,9.9932
ONE-GLOBAL,2025-07-02,9.6432
ONE-EQ,2026-02-19,6.64
ONE-EQ,2025-02-05,7.5436
ONE-EQ,2024-07-24,9.7528
ONE-BOND,2024-10-16,9.8627
ONE-BOND,2024-12-25,9.8941
SET-TRI,2026-02-13,1184.2923
ONE-GLOBAL,2024-08-28,9.1771
ONE-GLOBAL,2024-09-17,8.5566
SET-TRI,2024-11-06,1222.3084
ONE-EQ,2025-09-02,6.3188
ONE-GLOBAL,2026-05-08,11.2595
ONE-BOND,2025-09-24,10.2318
ONE-BOND,2026-03-18,10.2651
ONE-BOND,2025-10-27,10.3843
ONE-BOND,2026-03-26,10.2005
SET-TRI,2025-03-21,1083.9843
ONE-EQ,2024-12-30,8.0645
SET-TRI,2025-11-12,934.7364
ONE-BOND,2025-12-15,10.1927
ONE-BOND,2026-01-01,10.186
ONE-BOND,2025-11-27,10.2522
ONE-BOND,2025-02-19,
SET-TRI,2025-11-25,"1,001.90"
ONE-GLOBAL,2025-04-30,10.1986
SET-TRI,2025-12-22,1081.5868
ONE-GLOBAL,2025-07-23,9.9861
SET-TRI,2025-03-13,1089.278
ONE-BOND,2026-01-09,10.1255
ONE-EQ,2024-11-12,8.3189
SET-TRI,2026-02-17,1188.0894
SET-TRI,2025-01-28,1133.5059
ONE-BOND,2024-08-26,9.8351
ONE-EQ,2024-11-25,8.5336
SET-TRI,2026-05-21,1181.2482
ONE-EQ,2025-11-11,6.8252
ONE-GLOBAL,2024-07-24,9.5794
ONE-EQ,2025-05-02,7.6161
ONE-GLOBAL,2025-04-22,9.6076
ONE-GLOBAL,2025-06-20,9.5342
ONE-BOND,2024-09-12,9.9282
SET-TRI,2024-07-19,1063.5788
SET-TRI,2026-05-15,1178.7302
ONE-GLOBAL,2026-03-18,10.1626
ONE-BOND,2026-03-04,10.3291
SET-TRI,2025-09-16,917.1725
SET-TRI,2026-03-06,1270.9083
ONE-BOND,2025-08-11,10.0504
SET-TRI,2025-11-21,993.4947
ONE-EQ,2026-05-12,5.1644
SET-TRI,2024-12-18,1207.3499
ONE-EQ,2026-05-29,5.0201
ONE-GLOBAL,2025-10-31,8.3283
ONE-BOND,2024-10-17,9.893
ONE-EQ,2025-12-03,6.8029
ONE-EQ,2025-08-29,6.355
ONE-EQ,2024-09-18,8.2882
SET-TRI,2024-07-26,1135.1311
ONE-EQ,2025-05-21,6.8087
SET-TRI,2025-07-30,991.3467
ONE-BOND,2025-06-17,9.891
SET-TRI,2026-04-15,1219.6231
ONE-GLOBAL,2025-11-13,8.2411
SET-TRI,2025-08-14,1027.3779
ONE-BOND,2026-04-13,10.3248
ONE-GLOBAL,2025-02-03,8.8471
ONE-BOND,2025-05-22,9.7593
ONE-GLOBAL,2024-10-07,8.4682
ONE-GLOBAL,2024-12-30,8.4056
ONE-EQ,2026-03-30,5.9865
ONE-BOND,2024-11-11,9.7674
ONE-GLOBAL,2025-09-10,9.1427
ONE-GLOBAL,2024-12-04,8.4587
ONE-BOND,2025-07-23,-9.8894
ONE-EQ,2026-03-23,5.9478
SET-TRI,2026-01-02,1070.0682
SET-TRI,2024-11-26,1260.211
ONE-BOND,2024-08-14,9.8566
ONE-GLOBAL,2024-09-04,8.7622
ONE-GLOBAL,2025-07-21,9.8792
ONE-GLOBAL,2025-07-14,9.8601
ONE-GLOBAL,2025-12-09,8.4881
ONE-GLOBAL,2025-04-02,9.0545
ONE-EQ,2025-03-31,6.911
ONE-EQ,2026-01-30,6.2275
ONE-BOND,2024-07-26,10.1399
ONE-BOND,2025-03-10,9.8674
ONE-GLOBAL,2025-06-27,9.7009
SET-TRI,2025-11-20,986.9771
SET-TRI,2026-04-13,1185.6667
ONE-BOND,2024-09-19,9.8673
ONE-EQ,2026-04-17,5.7637
ONE-GLOBAL,2025-03-06,9.4914
ONE-GLOBAL,2025-02-13,8.9063
ONE-GLOBAL,2025-08-14,9.6421
ONE-BOND,2024-11-05,9.7862
ONE-GLOBAL,2025-05-07,
ONE-BOND,2025-11-13,10.2181
ONE-EQ,2026-02-25,6.437
SET-TRI,2025-06-18,944.2043
SET-TRI,2024-07-12,1005.8642
ONE-EQ,2024-09-10,8.0305
ONE-GLOBAL,2025-02-21,8.862
ONE-GLOBAL,2025-01-16,8.9125
SET-TRI,2025-11-10,935.0524
ONE-GLOBAL,2024-08-20,9.4569
SET-TRI,2025-07-10,968.7865
ONE-GLOBAL,2026-05-25,11.1213
SET-TRI,2024-07-22,1073.4878
ONE-EQ,2025-05-13,7.169
SET-TRI,2025-07-17,
ONE-GLOBAL,2025-10-02,8.9883
ONE-GLOBAL,2025-09-16,9.3775
SET-TRI,2026-03-26,1215.5656
ONE-GLOBAL,2025-11-20,8.1759
ONE-BOND,2026-06-09,10.3008
ONE-GLOBAL,2024-12-11,8.0619
ONE-EQ,2026-05-21,5.25
ONE-BOND,2025-02-05,9.9555
ONE-BOND,2024-08-05,10.0226
SET-TRI,2026-05-05,1137.8583
ONE-BOND,2024-11-07,9.7899
ONE-EQ,2024-11-01,8.3439
SET-TRI,2025-04-23,931.0603
ONE-EQ,2025-10-08,6.3917
ONE-BOND,2026-02-04,10.2962
ONE-BOND,2026-05-28,10.3803
ONE-BOND,2024-10-31,9.7909
ONE-EQ,2024-08-07,9.2156
ONE-EQ,2026-04-08,5.9204
ONE-BOND,2024-12-12,9.8838
ONE-GLOBAL,2025-10-28,8.6999
ONE-GLOBAL,2025-07-08,9.7404
SET-TRI,2025-03-11,"1,087.08"
ONE-BOND,2025-10-30,10.4293
ONE-EQ,2024-08-28,8.1912
ONE-GLOBAL,2025-09-16,9.3775
ONE-BOND,2025-02-24,9.9621
SET-TRI,2025-08-21,987.5845
SET-TRI,2024-12-16,1207.96
ONE-GLOBAL,2026-01-28,9.6584
SET-TRI,2024-08-12,1144.8501
SET-TRI,2024-10-07,1228.3215
ONE-GLOBAL,2025-09-04,9.0265
SET-TRI,2024-10-30,1257.4617
ONE-EQ,2024-11-22,8.4901
ONE-BOND,2024-12-09,9.8827
ONE-EQ,2026-03-27,6.0036
ONE-EQ,2026-05-06,5.3148
SET-TRI,2025-08-19,1000.0105
ONE-EQ,2025-12-05,6.6615
SET-TRI,2026-01-19,1113.1238
SET-TRI,2025-05-16,996.7333
SET-TRI,2024-12-11,1204.308
SET-TRI,2026-02-04,1101.33
SET-TRI,2026-04-06,1200.3345
ONE-GLOBAL,2025-07-10,9.7144
ONE-GLOBAL,2026-02-17,10.0956
ONE-BOND,2026-02-26,10.2508
ONE-GLOBAL,2025-07-09,9.7367
ONE-EQ,2026-01-12,6.4515
SET-TRI,2026-04-07,
SET-TRI,2025-07-23,1012.9005
ONE-BOND,2025-08-28,10.1572
ONE-GLOBAL,2024-07-19,9.8224
SET-TRI,2024-08-05,1155.8907
ONE-EQ,2026-03-11,6.1644
ONE-GLOBAL,2025-02-04,8.9546
ONE-GLOBAL,2026-03-23,10.2302
SET-TRI,2025-10-17,950.1104
SET-TRI,2024-11-07,1242.0465
ONE-BOND,2025-05-30,9.7841
ONE-BOND,2025-11-04,10.3892
SET-TRI,2026-06-05,1210.4076
ONE-EQ,2025-01-13,7.5501
ONE-BOND,2024-10-23,9.9008
ONE-GLOBAL,2026-05-04,11.199
ONE-BOND,2025-07-14,9.8808
SET-TRI,2024-11-12,1288.8142
SET-TRI,2024-12-20,1190.007
ONE-EQ,2026-04-02,5.9653
ONE-EQ,2024-08-23,8.2667
ONE-EQ,2024-12-27,8.0753
ONE-BOND,2025-06-05,9.8983
ONE-BOND,2025-12-18,10.1531
ONE-BOND,2026-05-12,10.2724
ONE-BOND,2025-10-10,10.2884
SET-TRI,2025-06-02,959.7897
ONE-BOND,2024-12-16,9.8549
ONE-BOND,2025-11-12,10.2517
ONE-BOND,2025-11-10,10.31
ONE-EQ,2025-07-03,5.876
ONE-GLOBAL,2026-01-12,9.1454
SET-TRI,2024-11-20,1301.911
SET-TRI,2024-10-16,1248.9835
SET-TRI,2024-10-23,1246.4647
ONE-EQ,2025-11-26,6.668
ONE-EQ,2024-09-20,8.2431
ONE-GLOBAL,2025-12-18,8.6283
ONE-GLOBAL,2026-03-17,10.2077
ONE-GLOBAL,2025-07-28,10.1185
ONE-BOND,2025-01-03,9.8988
ONE-BOND,2025-05-14,9.7346
ONE-GLOBAL,2025-03-19,9.1699
ONE-GLOBAL,2025-09-11,9.1504
SET-TRI,2025-02-10,1178.1582
ONE-EQ,2025-01-01,7.7269
ONE-EQ,2026-01-28,6.4115
ONE-GLOBAL,2025-05-29,9.6349
ONE-BOND,2025-09-19,10.2563
ONE-GLOBAL,2025-10-17,9.0046
ONE-BOND,2024-10-18,9.8655
ONE-GLOBAL,2025-05-22,9.8245
ONE-GLOBAL,2024-11-11,8.3994
ONE-GLOBAL,2024-12-09,8.2953
ONE-EQ,2026-03-10,6.2509
ONE-GLOBAL,2025-03-12,9.3037
ONE-BOND,2025-08-18,10.1831
ONE-EQ,2025-11-27,6.7168
ONE-BOND,2024-11-27,9.8164
ONE-EQ,2026-04-24,5.5088
ONE-EQ,2025-09-03,6.3255
SET-TRI,2024-10-01,1173.958
SET-TRI,2024-12-10,1214.8666
ONE-EQ,2026-06-02,4.9031
ONE-GLOBAL,2024-08-19,9.5313
ONE-BOND,2025-04-07,9.7076
